Timestamp,Price,Volume,Field4,Field5,Field6,Field7,Field8
1656583152,26.99,20,0.0,0,,,
1656675294,26.98,21,0.0,0,,,
1656761699,26.0,21,0.0,0,,,
1656848095,26.77,17,0.0,0,,,
1656934489,26.66,18,0.0,0,,,
1657020887,26.56,15,0.0,0,,,
1657108498,26.5,14,0.0,0,,,
1657194910,26.66,13,0.0,0,,,
1657281362,26.45,15,0.0,0,,,
1657368058,26.65,13,0.0,0,,,
1657454457,26.99,11,0.0,0,,,
1657541019,25.9,15,0.0,0,,,
1657627444,25.49,21,0.0,0,,,
1657713879,25.0,18,0.0,0,,,
1657800277,24.93,16,0.0,0,,,
1657886675,26.56,12,0.0,0,,,
1657973068,26.56,12,0.0,0,,,
1658059515,27.2,7,0.0,0,,,
1658145935,26.99,9,0.0,0,,,
1658232330,26.69,16,0.0,0,,,
1658318738,26.67,15,0.0,0,,,
1658405130,26.54,19,0.0,0,,,
1658491529,26.1,14,0.0,0,,,
1658577959,26.79,10,0.0,0,,,
1658664361,26.79,14,0.0,0,,,
1658750767,25.8,22,0.0,0,,,
1658837162,24.99,21,0.0,0,,,
1658923585,25.22,18,0.0,0,,,
1659009996,24.77,16,0.0,0,,,
1659096396,24.98,16,0.0,0,,,
1659182792,23.9,15,0.0,0,,,
1659269284,24.3,19,0.0,0,,,
1659355718,24.23,23,0.0,0,,,
1659442268,24.21,24,0.0,0,,,
1659528663,24.11,20,0.0,0,,,
1659615058,23.89,24,0.0,0,,,
1659701500,24.25,17,0.0,0,,,
1659787973,24.19,15,0.0,0,,,
1659874377,24.5,12,0.0,0,,,
1659960954,27.55,16,0.0,0,,,
1660047348,26.79,16,0.0,0,,,
1660133759,26.25,14,0.0,0,,,
1660220164,25.42,16,0.0,0,,,
1660306934,27.3,11,0.0,0,,,
1660393335,26.9,15,0.0,0,,,
1660479740,26.79,14,0.0,0,,,
1660566192,26.9,15,0.0,0,,,
1660652582,26.99,14,0.0,0,,,
1660738980,26.79,17,0.0,0,,,
1660825380,26.44,12,0.0,0,,,
1660911777,26.7,14,0.0,0,,,
1660998174,26.6,15,0.0,0,,,
1661084566,26.29,15,0.0,0,,,
1661170976,28.0,10,0.0,0,,,
1661257372,30.29,17,0.0,0,,,
1661343770,29.99,21,0.0,0,,,
1661430150,29.69,21,0.0,0,,,
1661516545,29.5,19,0.0,0,,,
1661602936,28.8,25,0.0,0,,,
1661689325,28.3,28,0.0,0,,,
1661775719,27.75,28,0.0,0,,,
1661862109,26.7,28,0.0,0,,,
1661948504,26.0,26,0.0,0,,,
1662034849,25.98,27,0.0,0,,,
1662121240,27.49,20,0.0,0,,,
1662207631,27.7,20,0.0,0,,,
1662294038,27.69,22,0.0,0,,,
1662380460,27.59,18,0.0,0,,,
1662466852,27.6,19,0.0,0,,,
1662553247,27.6,18,0.0,0,,,
1662640016,28.0,17,0.0,0,,,
1662737779,28.69,13,0.0,0,,,
1662795377,28.57,17,0.0,0,,,
1662910159,30.0,12,0.0,0,,,
1662996940,30.45,13,0.0,0,,,
1663083400,30.35,15,0.0,0,,,
1663169872,30.0,17,0.0,0,,,
1663256436,28.89,20,0.0,0,,,
1663342877,28.89,20,0.0,0,,,
1663429354,28.79,20,0.0,0,,,
1663515803,29.99,15,0.0,0,,,
1663602213,29.82,21,0.0,0,,,
1663688619,29.1,24,0.0,0,,,
1663775075,29.0,15,0.0,0,,,
1663861468,29.16,15,0.0,0,,,
1663947851,28.76,17,0.0,0,,,
1664034244,28.46,18,0.0,0,,,
1664120633,28.87,15,0.0,0,,,
1664207028,28.67,19,0.0,0,,,
1664293417,28.66,14,0.0,0,,,
1664379811,28.59,18,0.0,0,,,
1664466201,28.55,21,0.0,0,,,
1664552569,28.58,17,0.0,0,,,
1664638963,28.57,19,0.0,0,,,
1664725354,28.45,15,0.0,0,,,
1664811792,29.15,10,0.0,0,,,
1664898207,30.12,12,0.0,0,,,
1664984617,29.31,16,0.0,0,,,
1665071021,29.09,15,0.0,0,,,
1665157428,28.97,15,0.0,0,,,
1665243835,28.88,18,0.0,0,,,
1665330236,26.8,22,0.0,0,,,
1665416630,27.0,14,0.0,0,,,
1665503022,29.64,19,0.0,0,,,
1665589404,29.3,19,0.0,0,,,
1665675806,29.0,21,0.0,0,,,
1665762209,29.5,9,0.0,0,,,
1665848604,29.4,8,0.0,0,,,
1665934993,29.35,10,0.0,0,,,
1666021388,29.34,14,0.0,0,,,
1666107787,29.0,17,0.0,0,,,
1666194177,28.0,11,0.0,0,,,
1666280563,30.55,8,0.0,0,,,
1666366952,28.99,12,0.0,0,,,
1666453356,30.42,13,0.0,0,,,
1666539549,29.93,17,0.0,0,,,
1666625963,30.55,11,0.0,0,,,
1666712374,30.37,15,0.0,0,,,
1666798785,29.85,15,0.0,0,,,
1666885220,30.11,17,0.0,0,,,
1666971617,30.2,15,0.0,0,,,
1667057798,30.24,15,0.0,0,,,
1667145292,30.0,18,0.0,0,,,
1667210263,30.05,19,0.0,0,,,
1667314424,30.13,14,0.0,0,,,
1667396140,30.43,14,0.0,0,,,
1667482640,30.43,16,0.0,0,,,
1667568892,30.0,13,0.0,0,,,
1667655292,29.78,16,0.0,0,,,
1667741515,29.49,15,27.1,6,,,
1667827911,30.0,10,27.3,5,,,
1667914308,31.0,7,28.0,4,,,
1668000705,29.0,11,28.0,4,,,
1668087103,30.99,11,28.0,6,,,
1668173500,30.9,10,28.0,4,,,
1668259676,31.0,9,28.1,5,,,
1668346076,30.86,9,28.5,5,,,
1668432472,34.0,6,29.9,5,,,
1668518869,33.86,12,29.0,4,,,
1668605262,30.98,12,24.0,4,,,
1668691505,34.99,6,28.0,5,,,
1668777903,34.99,10,28.1,6,,,
1668869379,34.5,11,31.0,6,,,
1668955848,31.0,12,31.0,3,,,
1669042248,34.0,10,31.5,4,,,
1669128643,34.29,11,28.5,4,,,
1669215043,33.0,18,28.5,3,,,
1669301443,34.47,10,28.5,4,,,
1669387875,34.28,14,28.6,4,,,
1669474275,29.84,13,29.1,6,,,
1669560676,33.77,12,29.6,6,,,
1669647076,33.76,8,29.9,5,,,
1669733470,34.29,5,30.1,6,,,
1669819869,33.9,8,30.1,6,,,
1669906266,34.0,9,30.6,5,,,
1669992662,33.0,14,30.5,3,,,
1670079059,33.39,20,30.5,4,,,
1670165460,30.0,27,31.0,2,,,
1670251858,33.08,12,26.1,4,,,
1670338257,34.0,11,26.2,3,,,
1670425022,37.99,10,28.2,4,,,
1670511421,33.0,14,31.2,4,,,
1670540220,33.0,11,31.2,4,,,
1670766810,33.79,20,28.0,3,,,
1670853212,29.99,18,26.2,2,,,
1670941310,31.09,20,27.1,3,,,
1671027712,31.15,19,28.0,2,,,
1671114117,30.33,22,29.5,2,,,
1671200521,30.3,20,29.5,4,,,
1671286922,30.1,18,29.5,3,,,
1671373324,30.24,15,29.6,2,,,
1671459726,30.99,13,26.0,8,,,
1671546128,30.87,13,28.6,8,,,
1671632524,30.75,13,28.8,3,,,
1671718926,30.0,13,27.4,3,,,
1671805324,30.55,9,27.8,2,,,
1671891724,30.35,12,27.7,1,,,
1671978122,29.85,15,27.8,3,,,
1672064518,30.35,13,25.7,2,,,
1672150920,30.23,18,0.0,0,,,
1672237320,30.03,18,25.5,8,,,
1672323716,29.93,17,26.6,5,,,
1672410112,29.82,19,27.0,4,,,
1672496515,30.12,20,27.8,5,,,
1672582914,30.24,18,25.7,1,,,
1672669315,30.98,16,27.3,4,,,
1672755712,30.99,18,27.0,2,,,
1672842111,27.99,17,27.0,1,,,
1672928512,30.99,17,26.5,1,,,
1673014912,30.92,19,26.9,2,,,
1673101326,29.98,21,27.2,2,,,
1673187728,28.97,21,25.5,4,,,
1673274137,28.6,25,26.3,2,,,
1673360487,28.06,26,26.4,2,,,
1673446894,27.96,25,27.0,3,,,
1673533304,27.14,18,25.0,7,,,
1673619706,28.36,13,27.0,9,,,
1673705883,30.58,15,27.1,14,,,
1673792283,29.47,22,27.4,7,,,
1673878679,29.8,13,27.1,13,,,
1673964693,31.9,13,29.5,11,,,
1674051087,31.99,11,29.5,10,,,
1674137485,35.0,7,24.1,13,,,
1674223482,35.79,8,25.2,7,,,
1674309882,35.77,15,25.3,12,,,
1674396279,35.7,17,25.8,12,,,
1674482174,35.35,16,25.8,12,,,
1674568049,34.9,22,26.1,7,,,
1674654363,34.54,19,26.6,14,,,
1674740765,34.88,17,26.4,13,,,
1674827166,34.69,18,26.6,13,,,
1674913558,34.89,13,29.9,17,,,
1674999959,35.67,11,31.0,10,,,
1675086362,34.79,15,31.0,8,,,
1675172771,33.99,13,30.6,10,,,
1675259168,34.89,17,30.6,15,,,
1675345554,32.99,15,30.5,8,,,
1675434352,35.54,16,31.0,10,,,
1675520754,35.56,13,31.5,9,,,
1675607153,35.54,17,32.0,9,,,
1675693545,35.0,22,32.0,9,,,
1675779954,34.71,10,32.0,9,,,
1675866355,35.67,11,28.5,14,,,
1675952760,35.74,11,30.3,16,,,
1676039166,34.34,17,30.9,9,,,
1676125564,34.24,18,32.1,3,,,
1676211970,33.85,21,30.1,3,,,
1676298777,33.78,21,30.2,5,,,
1676385422,35.5,18,30.9,11,,,
1676472218,35.19,21,31.2,4,,,
1676558907,34.89,21,30.1,8,,,
1676645665,34.76,17,27.1,10,,,
1676734083,33.0,19,30.0,5,,,
1676810967,34.76,16,32.0,5,,,
1676897744,34.79,16,32.0,2,,,
1676984528,35.67,15,27.3,10,,,
1677071217,37.99,15,32.0,6,,,
1677158264,37.93,17,34.29,6,,,
1677245181,37.0,19,34.5,6,,,
1677331882,37.63,19,34.6,6,,,
1677418628,37.36,23,34.7,8,,,
1677505434,37.33,19,32.29,9,,,
1677594374,37.22,19,33.4,9,,,
1677680883,37.25,16,33.5,9,,,
1677767606,37.0,15,32.79,10,,,
1677854332,36.18,19,33.4,8,,,
1677940952,35.28,16,33.0,8,,,
1678027550,34.97,17,33.0,8,,,
1678114382,33.99,19,32.2,2,,,
1678201017,32.07,26,32.2,2,,,
1678287634,32.97,23,32.2,4,,,
1678374442,32.65,24,27.7,4,,,
1678461041,31.66,30,28.8,3,,,
1678547880,30.47,27,27.4,9,,,
1678634520,30.96,20,26.3,9,,,
1678721184,30.96,10,27.2,4,,,
1678807720,30.64,14,28.4,4,,,
1678894598,30.96,10,28.5,3,,,
1678981114,34.89,14,28.0,3,,,
1679067628,32.67,19,28.0,3,,,
1679154426,32.38,17,27.7,3,,,
1679241077,34.88,9,28.1,3,,,
1679327801,34.36,13,29.0,3,,,
1679400143,31.99,15,27.2,8,,,
1679486945,33.9,14,26.9,7,,,
1679579383,33.47,19,29.4,3,,,
1679666382,32.99,19,30.0,2,,,
1679753730,30.99,27,25.5,1,,,
1679840749,32.65,20,28.8,9,,,
1679927567,34.35,19,29.7,4,,,
1680014296,33.9,18,29.3,4,,,
1680100941,30.78,25,25.6,11,,,
1680187740,31.0,15,28.2,4,,,
1680274436,33.79,10,30.1,3,,,
1680361076,34.57,10,31.1,3,,,
1680447656,33.99,12,31.5,2,,,
1680534459,34.67,10,28.7,8,,,
1680621158,34.47,10,30.0,8,,,
1680707960,36.0,12,31.6,3,,,
1680794720,34.0,14,28.4,8,,,
1680881428,33.79,17,30.7,3,,,
1680968156,35.5,15,27.4,11,,,
1681054909,35.89,15,29.5,9,,,
1681141752,39.0,13,35.1,4,,,
1681228368,37.79,23,32.29,6,,,
1681315139,37.45,18,34.1,4,,,
1681387368,37.64,19,33.29,2,,,
1681474209,37.88,20,32.1,7,,,
1681560968,38.89,15,35.4,5,,,
1681647682,37.9,18,35.5,4,,,
1681738551,38.52,12,34.7,4,,,
1681819516,38.39,11,35.29,4,,,
1681913493,42.29,7,35.2,3,,,
1682004662,37.99,24,26.5,7,,,
1682091461,39.68,18,28.0,9,,,
1682178571,39.18,17,28.8,9,,,
1682265465,42.19,14,31.4,8,,,
1682337891,40.54,12,28.8,9,,,
1682424541,40.63,15,30.3,9,,,
1682511234,38.9,22,31.9,4,,,
1682597931,36.9,26,34.1,3,,,
1682684594,39.79,20,34.1,3,,,
1682771445,39.24,28,34.6,3,,,
1682858199,39.69,24,30.8,4,,,
1682944924,39.25,19,26.0,5,,,
1683031746,38.26,24,26.0,5,,,
1683118458,37.0,24,31.0,7,,,
1683205066,36.56,22,32.29,6,,,
1683296336,36.35,17,26.6,3,,,
1683388737,38.7,17,30.3,7,,,
1683465044,38.58,21,30.4,6,,,
1683557789,38.13,30,31.1,5,,,
1683634555,37.78,31,31.3,5,,,
1683728567,35.0,33,32.29,4,,,
1683820309,38.14,33,26.1,4,,,
1683897864,37.9,33,31.9,5,,,
1683991136,36.0,26,29.4,4,,,
1684069614,38.79,27,25.6,2,,,
1684163289,38.77,30,25.9,6,,,
1684241373,33.99,33,26.7,6,,,
1684335506,37.52,27,28.8,5,,,
1684413630,37.21,32,29.3,6,,,
1684507646,36.6,46,30.2,7,,,
1684585958,35.29,44,30.9,6,,,
1684680402,34.88,46,29.8,3,,,
1684770121,35.18,34,30.3,5,,,
1684856918,35.99,29,30.2,7,,,
1684943567,37.5,21,30.3,5,,,
1685030230,39.5,18,30.9,5,,,
1685102573,42.94,11,31.2,6,,,
1685189224,40.0,24,31.9,5,,,
1685275975,39.38,22,28.7,8,,,
1685362616,39.18,19,33.2,4,,,
1685449158,38.7,24,33.79,3,,,
1685547841,38.4,19,34.4,4,,,
1685634596,40.0,17,34.29,4,,,
1685721358,36.88,20,34.2,3,,,
1685793604,39.9,16,34.79,4,,,
1685880223,39.77,24,31.1,5,,,
1685966963,38.02,25,31.7,7,,,
1686053718,39.0,21,35.5,7,,,
1686140463,39.0,25,33.6,7,,,
1686227224,38.82,20,33.6,3,,,
1686314295,38.78,21,31.7,3,,,
1686400978,38.68,18,33.4,3,,,
1686487681,38.39,18,33.9,4,,,
1686583709,37.9,24,31.0,2,,,
1686670443,37.5,28,32.29,3,,,
1686757113,37.0,24,33.0,6,,,
1686843821,39.0,19,33.79,5,,,
1686930557,38.68,20,33.7,4,,,
1687017150,38.18,20,33.7,4,,,
1687103856,38.0,24,33.5,6,,,
1687176093,37.96,24,33.6,4,,,
1687262748,37.44,28,33.4,4,,,
1687349505,37.36,26,33.29,3,,,
1687440213,35.0,28,33.29,3,,,
1687533385,36.9,13,33.29,3,,,
1687607737,37.69,12,33.29,3,,,
1687700679,38.99,14,33.79,6,,,
1687793653,38.53,17,34.0,4,,,
1687868081,37.36,16,33.0,2,,,
1687961078,38.9,15,33.1,3,,,
1688054202,34.9,18,33.0,2,,,
1688128554,35.94,19,33.0,2,,,
1688221554,35.9,18,33.0,2,,,
1688295955,35.5,18,33.0,2,,,
1688389044,34.93,26,30.9,1,,,
1688481965,34.39,23,27.7,5,,,
1688556005,33.86,27,26.7,5,,,
1688648988,33.54,24,28.3,5,,,
1688741985,32.22,25,28.0,7,,,
1688816387,31.72,25,28.1,3,,,
1688912550,31.31,20,28.3,3,,,
1688986946,31.31,21,28.3,2,,,
1689079945,32.2,21,28.5,2,,,
1689170584,35.79,20,31.4,3,,,
1689262640,33.78,24,28.8,3,,,
1689337172,33.35,26,28.8,3,,,
1689430151,33.34,18,28.9,4,,,
1689523072,35.79,23,28.0,4,,,
1689597551,35.28,25,25.8,8,,,
1689690551,33.58,25,26.0,8,,,
1689764957,33.47,24,27.3,7,,,
1689858109,32.7,24,28.4,8,,,
1689951138,35.27,23,30.0,9,,,
1690025471,34.33,28,29.1,9,,,
1690118525,33.33,30,29.1,7,,,
1690211519,33.22,30,29.2,9,,,
1690286004,33.93,31,29.0,9,,,
1690378952,33.72,30,28.8,8,,,
1690471906,33.38,25,28.6,10,,,
1690546375,33.28,31,28.7,8,,,
1690640342,32.96,28,28.6,11,,,
1690714295,32.0,31,29.1,8,,,
1690807299,33.08,32,29.3,9,,,
1690900305,33.29,28,28.6,8,,,
1690974703,33.5,23,32.0,13,,,
1691067316,33.92,22,29.7,5,,,
1691160483,34.4,18,29.7,12,,,
1691234747,35.28,26,30.8,12,,,
1691327525,34.76,33,30.9,11,,,
1691420531,35.17,24,31.7,10,,,
1691494855,34.9,25,31.8,5,,,
1691587845,34.79,20,32.2,11,,,
1691680853,38.0,12,34.2,6,,,
1691755338,38.0,10,32.1,6,,,
1691848261,37.78,19,33.9,9,,,
1691941043,37.47,22,29.8,15,,,
1692015541,35.0,19,30.3,17,,,
1692108505,37.56,20,32.79,17,,,
1692201589,37.46,21,32.79,5,,,
1692276006,37.45,20,33.79,6,,,
1692368994,37.45,17,33.79,6,,,
1692443377,37.9,14,32.9,5,,,
1692536355,39.86,21,35.1,10,,,
1692628953,39.97,18,34.79,10,,,
1692703361,39.86,22,36.79,3,,,
1692796387,39.6,28,36.79,3,,,
1692889591,39.24,19,35.2,9,,,
1692963827,39.19,17,34.0,9,,,
1693062516,39.79,15,34.9,4,,,
1693137618,45.98,10,36.9,4,,,
1693230558,44.96,14,30.4,5,,,
1693323472,41.89,19,39.0,9,,,
1693397866,38.0,21,39.0,9,,,
1693490928,40.98,22,37.2,7,,,
1693565330,40.81,22,30.2,8,,,
1693658359,40.94,20,31.1,10,,,
1693751387,40.82,21,33.7,4,,,
1693825864,36.97,20,33.9,2,,,
1693918845,42.0,16,35.5,5,,,
1694011957,41.9,20,38.0,4,,,
1694086299,41.69,22,34.79,5,,,
1694179006,41.1,24,36.4,4,,,
1694272104,40.98,30,34.1,7,,,
1694346439,38.79,34,34.2,8,,,
1694439459,38.29,30,34.1,7,,,
1694532477,38.18,29,34.1,6,,,
1694606911,37.99,32,34.1,6,,,
1694699928,39.1,29,34.1,6,,,
1694737128,39.09,29,34.29,8,,,
1694866761,40.97,20,34.7,7,,,
1694959612,40.71,23,35.7,3,,,
1695052597,38.97,26,35.7,3,,,
1695127053,40.2,23,35.79,2,,,
1695220041,39.65,20,35.9,7,,,
1695294444,41.06,16,36.9,3,,,
1695395335,42.0,11,38.1,3,,,
1695479947,41.9,14,35.1,8,,,
1695554706,41.69,18,35.1,8,,,
1695647762,41.56,17,35.4,8,,,
1695740849,41.29,21,35.5,8,,,
1695815156,40.89,20,34.79,7,,,
1695908173,39.59,29,34.79,6,,,
1696001304,39.02,27,34.7,1,,,
1696075856,37.86,33,34.79,2,,,
1696168802,37.02,36,33.0,3,,,
1696261963,35.88,36,30.5,11,,,
1696336269,35.88,32,31.2,5,,,
1696429428,35.58,29,31.6,5,,,
1696503787,35.67,27,31.5,9,,,
1696596824,35.46,27,31.5,1,,,
1696689764,37.0,22,31.5,9,,,
1696764268,39.26,25,31.5,9,,,
1696857377,38.86,29,31.7,10,,,
1696950296,38.47,30,32.0,10,,,
1697024762,38.26,37,31.9,11,,,
1697117875,37.86,39,31.6,10,,,
1697210364,37.7,42,33.2,7,,,
1697284762,37.59,42,33.4,11,,,
1697377802,37.14,26,33.2,5,,,
1697470926,37.49,23,33.5,10,,,
1697545254,37.36,25,33.4,5,,,
1697638345,36.97,29,33.6,5,,,
1697712719,36.54,27,33.6,5,,,
1697805804,36.22,26,31.7,9,,,
1697898852,36.2,30,31.5,9,,,
1697973174,35.97,27,31.5,9,,,
1698066198,35.4,25,31.5,9,,,
1698159213,38.7,12,31.5,9,,,
1698233696,38.6,14,31.5,9,,,
1698326775,37.0,21,32.1,12,,,
1698419768,34.97,23,32.2,6,,,
1698494194,34.92,27,32.0,18,,,
1698586926,34.0,29,30.7,19,,,
1698679875,31.99,33,30.6,14,,,
1698754425,33.0,24,30.6,12,,,
1698847394,33.75,25,28.1,17,,,
1698940401,33.29,28,28.1,17,,,
1699014778,33.5,26,28.1,17,,,
1699107792,33.52,22,28.1,17,,,
1699182214,33.75,20,28.4,18,,,
1699275373,36.18,18,28.2,18,,,
1699368601,36.08,24,30.2,19,,,
1699442720,36.63,27,30.4,9,,,
1699535722,34.86,29,30.4,13,,,
1699628745,38.28,26,30.6,4,,,
1699703159,37.9,30,30.4,4,,,
1699796277,37.77,31,30.4,3,,,
1699889024,34.47,33,20.1,6,,,
1699963338,32.99,28,29.3,3,,,
1700056318,30.0,29,25.6,2,,,
1700149418,28.95,34,26.0,3,,,
1700223816,28.47,36,25.8,2,,,
1700316791,28.39,31,25.8,2,,,
1700391370,34.24,27,25.8,2,,,
1700484344,34.02,33,25.8,2,,,
1700577254,33.67,41,24.5,8,,,
1700651502,33.31,43,24.3,2,,,
1700744498,32.76,45,24.5,9,,,
1700837510,28.66,46,25.1,5,,,
1700912007,28.55,41,25.2,9,,,
1701005069,31.0,35,29.0,14,,,
1701098087,33.67,36,29.0,10,,,
1701172431,33.7,36,29.0,10,,,
1701265125,32.0,36,29.1,14,,,
1701358190,33.4,38,29.2,14,,,
1701442800,33.0,40,0.0,0,,,
1701529200,32.5,43,0.0,0,,,
1701615600,32.3,40,0.0,0,,,
1701702000,29.8,41,0.0,0,,,
1701788400,29.6,38,0.0,0,,,
1701874800,32.3,36,0.0,0,,,
1701961200,31.78,44,0.0,0,,,
1702047600,31.06,47,0.0,0,,,
1702134000,30.14,44,0.0,0,,,
1702220400,30.16,38,0.0,0,,,
1702306800,30.16,36,0.0,0,,,
1702393200,29.96,38,0.0,0,,,
1702479600,29.96,36,0.0,0,,,
1702566000,30.12,36,0.0,0,,,
1702652400,31.26,42,0.0,0,,,
1702738800,30.32,45,0.0,0,,,
1702825200,30.11,42,0.0,0,,,
1702911600,30.25,34,0.0,0,,,
1702998000,30.77,32,0.0,0,,,
1703084400,31.79,30,0.0,0,,,
1703170800,31.69,27,0.0,0,,,
1703257200,34.49,30,0.0,0,,,
1703343600,32.0,28,0.0,0,,,
1703430000,34.69,28,0.0,0,,,
1703516400,34.39,29,0.0,0,,,
1703602800,34.08,32,0.0,0,,,
1703689200,33.69,30,0.0,0,,,
1703775600,32.97,31,0.0,0,,,
1703862000,32.84,30,0.0,0,,,
1703948400,32.29,37,0.0,0,,,
1704027600,31.93,37,0.0,0,,,
1704121200,29.59,40,0.0,0,,,
1704207600,30.99,44,0.0,0,,,
1704294000,29.89,43,0.0,0,,,
1704380400,31.89,38,0.0,0,,,
1704466800,32.45,40,0.0,0,,,
1704553200,31.81,43,0.0,0,,,
1704639600,31.7,43,0.0,0,,,
1704726000,30.8,44,0.0,0,,,
1704812400,30.0,46,0.0,0,,,
1704898800,30.77,44,0.0,0,,,
1704985200,31.0,42,0.0,0,,,
1705071600,31.0,41,0.0,0,,,
1705158000,30.9,42,0.0,0,,,
1705244400,30.74,43,0.0,0,,,
1705330800,30.4,43,0.0,0,,,
1705417200,30.0,43,0.0,0,,,
1705503600,30.64,43,0.0,0,,,
1705590000,30.33,41,0.0,0,,,
1705676400,32.0,38,0.0,0,,,
1705762800,32.0,35,0.0,0,,,
1705849200,32.49,37,0.0,0,,,
1705935600,32.03,46,0.0,0,,,
1706022000,31.3,44,0.0,0,,,
1706108400,31.49,50,0.0,0,,,
1706194800,30.59,57,0.0,0,,,
1706281200,30.26,59,0.0,0,,,
1706367600,27.39,59,0.0,0,,,
1706454000,26.88,62,0.0,0,,,
1706540400,25.9,58,0.0,0,,,
1706626800,25.8,50,0.0,0,,,
1706713200,31.03,34,0.0,0,,,
1706799600,31.9,36,0.0,0,,,
1706886000,31.09,42,0.0,0,,,
1706972400,30.69,44,0.0,0,,,
1707058800,30.69,38,0.0,0,,,
1707145200,31.44,43,0.0,0,,,
1707231600,31.0,44,0.0,0,,,
1707318000,31.36,45,0.0,0,,,
1707404400,30.69,52,0.0,0,,,
1707490800,30.07,44,0.0,0,,,591
1707577200,30.18,35,0.0,0,,,788
1707663600,32.0,30,0.0,0,,,1005
1707750000,31.86,30,0.0,0,,,1304
1707836400,31.56,20,0.0,0,,,1382
1707922800,30.9,23,0.0,0,,,1391
1708009200,31.89,22,0.0,0,,,1392
1708095600,32.25,22,0.0,0,,,1395
1708182000,32.25,17,0.0,0,,,1399
1708268400,37.19,13,0.0,0,,,1402
1708354800,37.19,11,0.0,0,,,1404
1708441200,37.09,13,0.0,0,,,1406
1708527600,36.6,14,0.0,0,,,1409
1708614000,35.89,16,0.0,0,,,1411
1708700400,35.88,17,0.0,0,,,1418
1708786800,34.89,13,0.0,0,,,1423
1708873200,34.83,21,0.0,0,,,1426
1708959600,34.56,17,0.0,0,,,1430
1709046000,34.46,12,0.0,0,,,1433
1709132400,34.32,20,0.0,0,,,1439
1709218800,34.21,16,0.0,0,,,1465
1709305200,34.21,10,0.0,0,,,1791
1709391600,34.11,10,0.0,0,,,2054
1709478000,38.88,8,0.0,0,,,2248
1709564400,38.5,16,0.0,0,,,2423
1709647200,38.3,21,0.0,0,,,2988
1709737200,36.73,26,0.0,0,,,3626
1709823600,36.4,21,0.0,0,,,3821
1709910000,36.73,15,0.0,0,,,3835
1709996400,36.62,14,0.0,0,,,3894
1710082800,36.0,16,0.0,0,,,3899
1710169200,33.0,12,0.0,0,,,3902
1710255600,35.99,15,0.0,0,,,3996
1710342000,37.64,15,0.0,0,,,4066
1710428400,37.63,11,0.0,0,,,4190
1710514800,38.06,20,0.0,0,,,4240
1710601200,36.99,26,0.0,0,,,4248
1710687600,37.27,17,0.0,0,,,4250
1710774000,35.9,22,0.0,0,,,4251
1710860400,35.77,22,0.0,0,,,4253
1710946800,35.75,20,0.0,0,,,4255
1711033200,35.87,13,0.0,0,,,4255
1711119600,35.0,18,0.0,0,,,4256
1711206000,35.77,13,0.0,0,,,4257
1711292400,35.89,12,0.0,0,,,4259
1711378800,36.6,12,0.0,0,,,4262
1711465200,36.0,14,0.0,0,,,4267
1711551600,39.95,13,0.0,0,,,4272
1711638000,39.83,15,0.0,0,,,4276
1711724400,39.62,13,0.0,0,,,4283
1711810800,39.0,19,0.0,0,,,4287
1711897200,38.8,20,0.0,0,,,4292
1711983600,38.66,18,0.0,0,,,4293
1712070000,38.35,14,0.0,0,,,4296
1712156400,38.05,13,0.0,0,,,4296
1712242800,38.05,13,0.0,0,,,4298
1712329200,38.05,13,0.0,0,,,4301
1712415600,38.05,17,0.0,0,,,4302
1712502000,39.62,14,0.0,0,,,4304
1712588400,39.02,15,0.0,0,,,4306
1712674800,38.97,19,0.0,0,,,4307
1712761200,38.91,15,0.0,0,,,4307
1712847600,38.76,18,0.0,0,,,4309
1712934000,38.46,22,0.0,0,,,4310
1713020400,37.89,23,0.0,0,,,4311
1713106800,37.0,25,0.0,0,,,4311
1713193200,37.0,23,0.0,0,,,4312
1713279600,37.4,28,0.0,0,,,4313
1713366000,37.05,31,0.0,0,,,4314
1713452400,36.25,33,0.0,0,,,4316
1713538800,35.82,32,0.0,0,,,4409
1713625200,35.75,34,0.0,0,,,4665
1713711600,35.41,36,0.0,0,,,4725
1713798000,35.38,34,0.0,0,,,5031
1713884400,35.24,34,0.0,0,,,5328
1713970800,35.21,26,0.0,0,,,5499
1714057200,35.26,21,0.0,0,,,5771
1714143600,35.25,22,0.0,0,,,6000
1714230000,35.12,22,0.0,0,,,6093
1714316400,34.98,30,0.0,0,,,6133
1714402800,35.0,21,0.0,0,,,6156
1714489200,37.5,20,0.0,0,,,6167
1714575600,35.4,18,0.0,0,,,6168
1714662000,35.4,18,0.0,0,,,6171
1714748400,35.4,20,0.0,0,,,6171
1714834800,35.19,21,0.0,0,,,6174
1714921200,39.66,15,0.0,0,,,6178
1715007600,54.66,7,0.0,0,,,6180
1715094000,42.0,9,0.0,0,,,6190
1715182260,44.89,11,36.3,5,,,6191
1715266858,44.89,13,36.8,6,,,6192
1715353259,44.9,12,36.9,6,,,6194
1715439658,44.87,13,36.2,6,,,6196
1715526058,44.5,16,36.3,6,,,6198
1715614263,44.29,27,36.7,6,,,6198
1715700683,43.0,33,34.9,9,,,6201
1715787095,39.8,29,37.7,5,,,6202
1715873489,39.17,38,31.5,7,,,6206
1715959988,38.0,36,32.7,7,,,6210
1716046389,37.28,37,32.9,7,,,6213
1716131160,34.5,40,33.0,5,,,6214
1716219190,33.89,35,29.9,7,,,6217
1716305590,33.78,33,26.8,7,,,6218
1716391989,33.99,27,29.7,8,,,6218
1716481345,37.0,18,29.7,5,,,6220
1716563577,38.59,23,32.1,4,,,6226
1716649938,38.7,16,32.1,4,,,6228
1716736439,49.27,10,27.2,3,,,6229
1716822641,40.0,11,29.0,7,,,6231
1716909177,37.6,11,31.5,5,,,6232
1716991835,40.76,11,31.5,4,,,6233
1717082731,39.98,10,31.5,4,,,6235
1717164828,39.88,13,30.1,6,,,6236
1717251155,39.87,11,30.8,6,,,6238
1717337538,47.99,10,31.4,7,,,6239
1717427405,43.55,12,31.7,7,,,6239
1717513520,39.98,13,32.0,7,,,6244
1717599926,38.9,18,32.3,7,,,6248
1717686361,37.0,19,32.4,3,,,6250
1717772746,42.99,15,33.5,6,,,6253
1717859140,41.86,22,33.3,6,,,6253
1717945560,41.59,24,36.1,5,,,6256
1718031964,41.53,22,34.1,4,,,6258
1718118355,39.0,28,35.9,2,,,6260
1718204725,37.73,33,32.3,7,,,6262
1718291162,35.99,27,19.1,6,,,6266
1718377541,35.85,30,27.5,5,,,6270
1718463972,35.5,19,30.9,4,,,6274
1718550326,37.47,16,0.0,0,,,6275
1718636759,37.47,15,2.9,3,,,6275
1718723150,37.35,21,6.7,1,,,6276
1718809595,37.99,20,20.1,5,,,6278
1718895961,36.0,21,29.7,9,,,6283
1718982365,37.15,19,33.1,1,,,6285
1719068757,36.86,18,0.0,0,,,6289
1719155150,38.79,15,29.6,6,,,6289
1719241575,38.79,12,34.2,8,,,6291
1719327964,38.9,13,34.6,7,,,6293
1719414339,38.98,15,34.2,7,,,6300
1719500768,38.58,20,34.3,2,,,6317
1719587168,38.78,21,34.4,2,,,6318
1719673586,38.57,17,34.2,2,,,6327
1719759962,38.77,15,34.4,2,,,6330
1719846358,38.99,15,34.3,3,,,6336
1719932675,38.92,19,34.6,1,,,6336
1720019167,38.94,17,0.61,4,,,6336
1720105550,39.0,14,1.7,4,,,6340
1720191941,39.0,15,2.8,2,,,6341
1720278359,39.0,18,29.7,2,,,6343
1720364722,38.89,20,34.1,2,,,6344
1720451148,38.95,20,13.4,3,,,6347
1720537535,38.76,23,13.0,1,,,6348
1720623936,38.67,27,20.9,3,,,6352
1720710376,38.49,28,21.5,3,,,6355
1720796745,38.32,29,23.1,3,,,6357
1720883151,37.5,32,28.8,7,,,6360
1720969522,37.19,32,32.4,5,,,6361
1721055934,36.99,33,32.0,4,,,6363
1721142346,36.78,41,32.3,2,,,6439
1721228853,36.35,43,32.3,1,,,6439
1721315183,35.5,47,25.7,5,,,6444
1721401536,33.71,47,30.0,6,,,6445
1721487941,33.11,40,30.3,5,,,6448
1721574441,32.78,36,30.1,4,,,6451
1721660828,36.5,15,30.4,3,,,6453
1721747144,37.89,14,32.5,3,,,6455
1721833569,37.67,19,0.0,0,,,6458
1721919940,37.6,16,32.8,3,,,6463
1722006356,37.6,20,33.8,1,,,6465
1722093063,37.99,18,0.0,0,,,6467
1722179210,37.78,19,32.9,3,,,6472
1722265798,37.3,21,22.6,5,,,6477
1722351952,37.47,26,33.1,3,,,6480
1722438348,37.46,24,33.0,8,,,6486
1722524846,37.25,30,33.0,7,,,6487
1722611208,37.05,28,31.6,7,,,6490
1722697541,36.85,26,32.4,5,,,6491
1722784311,36.8,25,32.6,6,,,6493
1722870375,36.45,25,31.5,6,,,6493
1722956753,35.55,29,30.5,6,,,6497
1723043725,36.13,25,32.0,6,,,6501
1723129587,35.99,25,31.3,7,,,6501
1723215980,35.5,24,31.3,3,,,6502
1723302351,35.85,23,0.0,0,,,6503
1723388994,35.52,23,27.4,5,,,6506
1723475214,35.5,20,31.5,4,,,6506
1723561553,38.4,10,0.0,0,,,6508
1723647999,38.3,14,25.7,2,,,6509
1723734453,38.0,20,33.9,1,,,6511
1723820795,37.7,18,0.0,0,,,6511
1723907421,37.6,15,26.7,3,,,6512
1723993633,36.9,16,28.7,4,,,6514
1724080368,37.59,13,30.4,4,,,6515
1724166451,37.69,14,32.5,6,42.89,1.0,6515
1724252974,37.49,11,33.6,7,,,6517
1724339279,38.2,11,33.7,7,,,6519
1724403965,38.4,9,34.1,5,,,6520
1724771394,37.58,13,33.3,7,,,6527
1724857748,37.07,20,33.5,6,,,6528
1724944442,37.37,17,33.4,5,,,6528
1725030353,38.39,10,34.0,5,,,6531
1725117273,38.4,7,32.6,5,,,6534
1725203229,38.3,10,33.4,5,,,6535
1725289563,38.39,14,34.0,10,,,6539
1725375992,37.59,14,33.7,9,,,6540
1725462412,38.4,7,34.2,12,,,6541
1725548952,38.1,13,34.2,12,,,6544
1725635170,38.17,11,34.2,12,,,6547
1725721592,38.39,10,34.2,12,,,6548
1725807986,38.29,12,34.2,12,,,6548
1725894373,38.16,15,34.2,12,,,6551
1725980808,38.12,13,34.2,12,,,6553
1726067162,38.39,13,34.8,14,42.59,1.0,6556
1726153595,38.4,8,35.2,16,130.39,3.0,6556
1726239996,44.88,8,34.7,13,224.99,5.0,6556
1726326401,43.92,9,35.1,14,628.2,13.0,6557
1726412791,43.87,12,35.2,14,242.91,5.0,6562
1726499189,42.78,15,36.3,18,150.43,3.0,6565
1726585598,42.52,15,36.3,18,294.46,6.0,6566
1726672008,42.3,12,36.4,10,48.74,1.0,6566
1726758400,42.09,11,36.7,15,197.2,4.0,6566
1726844777,41.89,11,36.2,11,45.07,1.0,6567
1726931226,41.59,12,37.0,21,87.78,2.0,6569
1727017631,39.59,11,36.7,19,155.33,3.0,6573
1727104005,41.28,12,36.9,15,142.68,3.0,6576
1727190388,38.78,13,34.3,11,89.84,2.0,6583
1727276788,38.66,12,34.7,15,41.67,1.0,6585
1727363295,38.66,10,34.3,9,89.14,2.0,6587
1727449658,49.99,8,34.2,18,173.08,4.0,6591
1727536054,39.99,16,35.4,21,308.07,7.0,6604
1727622448,39.88,13,33.9,16,94.48,2.0,6609
1727708877,39.5,13,34.3,11,195.61,4.0,6626
1727795271,39.0,13,33.9,11,39.87,1.0,6633
1727881667,41.0,10,36.3,14,224.37,5.0,6649
1727968145,45.52,11,36.3,14,191.35,4.0,6665
1728054500,43.98,14,39.0,7,48.84,1.0,6676
1728140857,43.88,14,33.7,6,232.95,5.0,6690
1728227279,42.52,14,35.0,8,143.92,3.0,6709
1728313699,41.88,16,36.1,8,146.57,3.0,6717
1728400134,41.58,18,36.3,6,298.28,6.0,6755
1728486551,41.2,20,33.7,7,101.58,2.0,6797
1728572934,41.01,23,36.0,9,,,6836
1728659358,39.02,22,0.0,0,51.9,1.0,6842
1728745719,37.92,25,34.4,1,50.27,1.0,6892
1728828481,37.02,27,0.61,3,93.76,2.0,6935
1728918554,36.0,25,32.3,1,47.77,1.0,6938
1729004905,35.02,29,22.7,4,129.72,3.0,6941
1729091358,33.92,34,28.3,5,132.9,3.0,6942
1729177711,33.02,28,30.0,1,217.78,5.0,6943
1729264104,32.91,26,30.2,6,112.51,3.0,6946
1729350588,31.0,24,15.9,4,63.82,2.0,6948
1729436930,31.0,24,17.6,7,384.11,8.0,6951
1729523351,36.66,19,22.4,6,107.68,3.0,6954
1729609902,37.77,18,26.7,6,,,6955
1729696415,36.89,18,29.2,4,92.7,2.0,6956
1729782718,36.55,21,31.0,4,320.78,7.0,6956
1729869079,36.1,23,26.8,5,44.22,1.0,6956
1729955562,35.74,19,29.5,3,166.18,4.0,6959
1730041915,35.63,18,31.5,2,78.22,2.0,6960
1730128278,35.95,14,30.2,5,217.71,5.0,6963
1730214689,35.66,14,31.7,4,36.03,1.0,6963
1730301283,35.63,15,32.0,4,110.02,2.0,6968
1730387641,41.78,14,32.1,2,47.74,1.0,6982
1730473970,41.75,15,34.6,3,180.7,4.0,6997
1730560396,41.73,14,34.7,2,237.89,5.0,7004
1730646705,38.98,17,34.9,5,136.36,3.0,7018
1730733214,38.9,20,35.3,5,89.82,2.0,7030
1730819563,38.8,20,35.4,4,327.84,7.0,7038
1730906069,38.7,22,35.4,4,360.4,7.0,7056
1730992281,38.6,17,32.3,2,249.33,5.0,7064
1731078718,39.7,17,32.3,10,157.56,3.0,7064
1731165131,39.7,18,33.8,4,47.35,1.0,7064
1731251559,39.7,20,33.9,4,160.6,3.0,7071
1731337871,38.69,17,32.0,3,157.54,4.0,7080
1731424320,41.78,14,32.2,4,45.1,1.0,7085
1731510642,44.9,13,35.6,2,50.47,1.0,7087
1731597147,43.94,15,36.1,3,204.48,4.0,7096
1731683521,42.6,19,36.2,2,130.73,3.0,7105
1731769870,40.51,20,36.1,2,143.5,3.0,7119
1731856227,39.99,17,36.0,3,42.58,1.0,7123
1731942739,42.0,14,36.2,4,289.11,6.0,7132
1732029176,41.87,16,36.9,7,152.34,3.0,7147
1732115598,41.77,13,36.9,4,48.5,1.0,7175
1732201879,41.76,15,37.0,2,261.85,5.0,7179
1732288403,41.64,16,36.4,3,109.28,2.0,7183
1732374774,41.77,12,36.5,2,99.56,2.0,7191
1732461146,41.55,13,36.5,2,48.57,1.0,7199
1732507982,41.55,13,36.5,2,39.83,1.0,7479
1732633913,41.3,15,36.1,2,364.77,7.0,7215
1732720365,40.88,18,36.0,3,39.5,1.0,7224
1732806705,38.4,16,36.0,3,108.78,2.0,7232
1732893152,39.56,15,36.1,2,226.34,4.0,7248
1732979566,39.21,18,36.0,3,82.31,2.0,7258
1733065910,43.14,16,36.1,2,124.4,3.0,7262
1733152427,43.0,20,36.0,3,136.19,3.0,7283
1733238824,42.8,20,36.2,2,94.77,2.0,7293
1733325227,40.6,22,36.0,3,40.5,1.0,7300
1733411626,37.98,21,0.0,0,48.02,1.0,7308
1733498025,37.86,19,34.0,4,39.9,1.0,7314
1733584427,37.75,19,34.1,3,,,7328
1733670825,41.89,20,34.2,5,129.77,3.0,7342
1733757226,41.89,21,34.5,4,53.04,1.0,7355
1733843625,41.5,24,34.4,5,86.55,2.0,7362
1733930025,41.06,22,34.1,5,187.45,4.0,7368
1734016425,37.78,22,16.5,6,45.51,1.0,7376
1734102824,37.64,18,30.1,3,116.14,3.0,7388
1734189225,40.82,19,32.0,12,154.47,4.0,7388
1734275626,40.6,23,31.8,12,371.54,8.0,7390
1734362024,39.99,21,30.0,2,46.05,1.0,7393
1734448425,38.88,22,30.0,2,119.75,3.0,7396
1734534823,39.76,22,31.9,6,143.67,3.0,7403
1734621225,39.3,24,33.8,9,,,7405
1734707625,38.98,25,33.9,5,46.88,1.0,7408
1734794024,38.86,23,33.7,5,48.96,1.0,7411
1734880425,39.53,24,34.2,6,46.27,1.0,7412
1734966823,39.32,26,34.3,6,176.23,4.0,7414
1735053224,39.58,23,34.4,7,89.57,2.0,7415
1735139624,39.4,27,34.5,25,771.64,16.0,7421
1735226047,38.89,28,34.2,22,180.26,4.0,7423
1735312448,38.69,28,34.2,3,314.33,6.0,7425
1735398846,38.89,26,34.1,4,38.6,1.0,7426
1735485247,38.88,28,34.1,4,39.56,1.0,7427
1735571647,38.89,26,34.1,4,45.07,1.0,7429
1735658046,38.74,26,34.2,5,221.97,5.0,7431
1735744447,38.72,28,34.7,4,360.09,8.0,7437
1735831061,38.4,29,34.1,4,140.26,3.0,7442
1735917246,38.03,24,34.7,5,137.89,3.0,7443
1736003645,39.0,18,35.0,5,233.28,6.0,7447
1736090046,40.0,15,35.5,4,80.0,2.0,7448
1736176480,39.8,21,35.7,4,77.06,2.0,7449
1736263066,38.7,28,35.7,5,41.6,1.0,7451
1736349247,38.0,34,35.7,5,,,7456
1736435646,37.5,26,34.2,3,183.7,4.0,7458
1736522046,37.1,26,34.1,4,388.16,9.0,7458
1736608448,36.62,26,31.7,6,47.81,1.0,7464
1736694847,36.62,20,32.6,4,217.9,5.0,7468
1736781255,37.3,18,31.1,5,181.97,4.0,7469
1736867646,37.3,19,33.7,5,47.21,1.0,7469
1736954047,38.5,19,33.1,3,100.84,2.0,7470
1737040447,38.5,18,34.1,2,145.38,3.0,7471
1737126846,39.9,18,34.1,2,,,7473
1737213246,40.0,15,34.1,2,184.27,4.0,7473
1737299647,40.0,16,34.1,2,100.6,2.0,7475
1737386046,41.0,14,34.2,2,45.55,1.0,7476
1737472450,41.0,16,34.2,4,47.24,1.0,7477
1737558847,41.0,16,35.1,3,136.54,3.0,7483
1737645247,41.0,16,35.5,3,134.28,3.0,7486
1737731647,40.99,14,35.6,2,192.71,4.0,7487
1737818045,39.98,17,35.6,2,302.32,6.0,7489
1737904446,39.98,17,34.0,1,92.13,2.0,7492
1737990846,39.98,16,34.0,1,173.87,4.0,7493
1738077247,39.98,17,34.0,1,45.05,2.0,7498
1738163646,39.7,23,34.1,2,84.33,2.0,7500
1738250047,38.61,24,34.2,4,,,7505
1738336446,38.38,22,34.2,2,155.4,3.0,7506
1738422847,38.67,22,34.3,4,224.1,5.0,7507
1738509248,38.78,20,34.1,3,50.03,1.0,7511
1738595646,38.85,16,34.3,4,47.61,1.0,7512
1738682047,40.8,17,34.1,2,233.3,5.0,7513
1738768447,39.0,16,34.1,3,142.39,3.0,7514
1738854846,38.9,17,34.0,3,41.81,1.0,7515
1738941246,39.0,18,34.1,3,47.08,1.0,7517
1739027645,39.99,17,34.2,2,454.06,10.0,7518
1739114047,39.98,17,34.3,3,502.04,10.0,7520
1739200447,40.92,16,34.1,3,392.41,8.0,7523
1739286846,40.69,15,34.3,4,169.67,4.0,7527
1739373247,40.99,14,34.3,4,241.54,5.0,7529
1739459647,40.98,15,34.2,4,507.92,9.0,7534
1739546051,41.0,14,34.1,3,238.72,5.0,7541
1739632449,45.0,11,34.1,3,43.86,1.0,7544
1739718849,44.87,14,34.3,4,237.01,5.0,7544
1739805247,42.89,22,35.2,6,93.19,2.0,7548
1739891646,40.78,22,36.0,4,51.2,1.0,7556
1739978045,40.54,17,36.4,4,185.58,4.0,7560
1740064446,40.21,18,36.5,4,,,7565
1740150846,40.11,15,36.5,4,43.5,1.0,7566
1740237246,41.17,19,37.2,5,135.34,3.0,7566
1740323645,42.22,15,37.4,5,265.67,6.0,7569
1740410046,48.66,15,38.1,4,90.84,2.0,7569
1740496447,48.61,16,34.1,2,96.04,2.0,7574
1740582866,48.51,18,34.3,6,351.24,7.0,7578
1740669247,48.36,19,34.7,6,200.78,4.0,7581
1740755662,48.26,16,35.0,5,48.08,1.0,7582
1740842051,48.25,15,35.2,2,262.61,5.0,7583
1740928466,48.1,16,35.5,3,110.34,2.0,7585
1741014847,47.99,17,35.6,6,298.42,6.0,7597
1741101246,47.89,20,35.8,2,214.34,4.0,7605
1741187646,47.32,21,36.0,2,416.96,8.0,7625
1741274051,46.67,21,36.2,2,106.59,2.0,7633
1741360448,46.26,24,34.8,5,53.8,1.0,7638
1741446845,45.72,23,36.7,9,98.31,2.0,7640
1741533245,44.94,25,38.2,5,105.15,2.0,7641
1741619646,44.61,23,38.4,3,162.71,3.0,7645
1741706046,44.08,24,38.3,4,139.75,3.0,7649
1741792449,43.74,21,34.4,4,98.72,2.0,7650
1741878846,45.02,18,35.5,7,124.75,3.0,7650
1741965247,45.12,19,38.2,5,502.97,10.0,7650
1742051647,45.0,18,36.6,5,97.48,2.0,7650
1742138048,45.5,15,36.4,5,195.29,4.0,7652
1742224446,47.27,12,38.4,14,201.2,4.0,7655
1742310846,57.0,4,39.0,12,247.41,5.0,7656
1742397246,56.5,6,34.0,1,315.93,6.0,7657
1742483645,58.8,4,35.2,5,53.6,1.0,7657
1742570047,55.0,7,35.2,2,156.44,3.0,7658
1742656446,54.98,7,37.6,3,1086.73,10.0,7659
1742742847,57.03,4,39.8,2,581.0,10.0,7661
1742829247,55.0,7,39.8,2,107.42,2.0,7664
1742915647,54.79,10,40.8,4,292.01,5.0,7665
1743002047,54.49,9,35.2,2,214.42,4.0,7669
1743088447,49.9,13,37.0,3,172.92,3.0,7672
1743174847,52.0,9,34.6,2,45.98,1.0,7676
1743261260,48.8,11,35.3,2,228.03,4.0,7678
1743347646,48.77,10,35.6,4,230.68,4.0,7682
1743434047,48.71,13,36.0,2,288.19,5.0,7684
1743520468,48.59,11,36.2,5,117.54,2.0,7687
1743606871,47.16,16,36.2,2,,,7689
1743693272,44.63,18,36.6,6,,,7690
1743779672,44.65,17,36.8,2,91.04,2.0,7693
1743866072,44.2,22,37.5,3,50.95,1.0,7695
1743952473,43.3,21,33.2,5,181.54,4.0,7696
1744038874,43.12,23,35.1,4,464.43,9.0,7699
1744125273,39.87,17,33.0,12,336.33,7.0,7700
1744211674,39.51,15,33.3,4,95.37,2.0,7701
1744298072,39.4,15,33.8,3,144.44,3.0,7701
1744384474,39.31,12,28.8,7,94.4,2.0,7701
1744470872,38.9,15,30.2,4,87.06,2.0,7703
1744557281,45.0,8,32.3,1,437.7,9.0,7706
1744643674,44.6,11,32.6,3,95.64,2.0,7710
1744730074,41.98,13,33.0,3,87.87,2.0,7710
1744816473,41.87,11,33.3,3,144.8,3.0,7712
1744902874,41.75,11,0.0,0,,,7713
1744989275,41.67,12,31.1,3,139.25,3.0,7719
1745075672,41.44,16,31.7,22,194.59,4.0,7719
1745162074,41.33,16,32.8,24,100.22,2.0,7719
1745248473,41.2,16,28.5,25,49.82,1.0,7724
1745334874,41.0,18,31.2,2,49.82,1.0,7725
1745421273,40.49,17,31.7,5,168.81,4.0,7730
1745507673,40.0,15,32.4,22,135.38,3.0,7732
1745594074,39.7,13,33.3,2,187.72,4.0,7734
1745680474,39.72,12,29.7,5,118.65,3.0,7735
1745766873,40.56,8,30.3,4,712.78,14.0,7738
1745853275,44.87,9,25.6,7,86.14,2.0,7740
1745939674,44.87,10,28.3,4,56.24,1.0,7741
1746026074,44.86,10,25.8,7,159.37,3.0,7747
1746112474,44.77,10,27.2,6,155.36,3.0,7748
1746198873,44.44,13,26.9,1,202.82,4.0,7749
1746285274,44.33,13,27.2,19,113.32,2.0,7752
1746371673,44.29,9,28.5,6,253.84,5.0,7753
1746458074,44.11,11,35.2,5,152.41,3.0,7756
1746544474,43.8,12,35.5,8,109.52,2.0,7757
1746630874,42.87,14,35.6,5,58.14,1.0,7759
1746717277,42.49,16,35.8,5,,,7761
1746803678,41.9,18,35.8,1,121.95,2.0,7761
1746890076,41.22,15,35.8,2,108.84,2.0,7766
1746976474,40.48,17,35.8,2,,,7767
1747062873,39.95,17,35.8,2,91.32,2.0,7768
1747149277,39.5,16,35.1,2,95.1,2.0,7772
1747235678,38.88,16,35.2,3,98.63,2.0,7775
1747322075,37.83,17,35.2,3,105.19,2.0,7780
1747408475,37.2,13,35.2,3,387.75,9.0,7781
1747494875,40.75,11,35.2,3,189.55,4.0,7781
1747581275,40.65,16,35.2,3,46.65,1.0,7783
1747667675,40.55,12,35.4,3,123.36,3.0,7783
1747754075,41.81,12,35.6,3,127.05,3.0,7785
1747840476,42.68,12,35.5,2,291.5,6.0,7796
1747926876,42.43,12,35.5,2,101.48,2.0,7809
1748013301,42.41,12,35.8,2,206.43,4.0,7821
1748099702,41.94,16,36.0,22,319.8,7.0,7831
1748186102,41.4,16,35.9,2,91.61,2.0,7832
1748272499,41.29,12,35.9,2,177.47,4.0,7833
1748358900,40.99,12,36.6,12,350.61,7.0,7839
1748445303,40.69,10,36.7,3,142.6,3.0,7841
1748531700,40.38,10,36.7,3,93.66,2.0,7843
1748618101,42.88,9,36.7,3,134.32,3.0,7847
1748704506,42.88,10,36.7,3,48.1,1.0,7850
1748790903,42.88,10,36.9,3,48.17,1.0,7851
1748877301,42.72,9,37.5,3,,,7853
1748963700,42.72,11,36.1,2,46.37,1.0,7856
1749050105,42.42,10,35.9,2,104.34,2.0,7859
1749136507,41.8,17,35.9,3,99.05,2.0,7862
1749197710,41.4,18,35.9,3,41.9,1.0,7864
